{
    "confusion_matrix": [
        [
            528,
            128
        ],
        [
            157,
            2
        ]
    ],
    "classification_report": {
        "0": {
            "precision": 0.7708029197080292,
            "recall": 0.8048780487804879,
            "f1-score": 0.7874720357941835,
            "support": 656.0
        },
        "1": {
            "precision": 0.015384615384615385,
            "recall": 0.012578616352201259,
            "f1-score": 0.01384083044982699,
            "support": 159.0
        },
        "accuracy": 0.6503067484662577,
        "macro avg": {
            "precision": 0.3930937675463223,
            "recall": 0.40872833256634455,
            "f1-score": 0.4006564331220052,
            "support": 815.0
        },
        "weighted avg": {
            "precision": 0.6234268333430932,
            "recall": 0.6503067484662577,
            "f1-score": 0.6365427576963274,
            "support": 815.0
        }
    }
}